gpu,dataset,algorithm,epochs,batch_size,raw_images,N,io_power_w,setup_power_w,recon_power_w
A100,R1000,ad_ptycho,1,1000,1000,64,32.53666667,,35.675
A100,R1000,ad_ptycho,2,1000,1000,64,33.53666667,,33.56
A100,R1000,ad_ptycho,4,1000,1000,64,32.53666667,,35.535
A100,R1000,ad_ptycho,6,1000,1000,64,34.4975,,63.83
A100,R1000,bh,1,1000,1000,64,32.53333333,,35.075
A100,R1000,bh,2,1000,1000,64,32.34333333,,33.465
A100,R1000,bh,4,1000,1000,64,32.21,,34.43
A100,R1000,bh,6,1000,1000,64,34.4025,54.12,
A100,R1000,dm,1,1000,1000,64,33.30666667,,37.31
A100,R1000,dm,2,1000,1000,64,32.43666667,,34.13
A100,R1000,dm,4,1000,1000,64,33.73333333,,42.91
A100,R1000,dm,6,1000,1000,64,32.21333333,,35.21
A100,R1000,lsqml,1,1000,1000,64,33.50333333,,33.85
A100,R1000,lsqml,2,1000,1000,64,34.545,,49.05
A100,R1000,lsqml,4,1000,1000,64,32.735,,37.42
A100,R1000,lsqml,6,1000,1000,64,32.18,,36.73666667
A100,R1000,pie,1,1000,1000,64,33.05545455,33.27,34.09243902
A100,R1000,pie,2,1000,1000,64,33.8025,,34.70538462
A100,R1000,pie,4,1000,1000,64,33.58666667,,34.66971429
A100,R1000,pie,6,1000,1000,64,33.08,,34.61910828
A100,R12000,ad_ptycho,1,1000,12000,64,32.16428571,40.01,60.53666667
A100,R12000,ad_ptycho,2,1000,12000,64,32.78857143,39.63,45.74333333
A100,R12000,ad_ptycho,4,1000,12000,64,32.11333333,,51.44285714
A100,R12000,ad_ptycho,6,1000,12000,64,33.40571429,41.16,52.42470588
A100,R12000,bh,1,1000,12000,64,32.04,33.83,50.13
A100,R12000,bh,2,1000,12000,64,32.18428571,40.01,54.00666667
A100,R12000,bh,4,1000,12000,64,31.96833333,,51.40153846
A100,R12000,bh,6,1000,12000,64,31.98666667,,52.63736842
A100,R12000,dm,1,1000,12000,64,31.93833333,33.53,56.68
A100,R12000,dm,2,1000,12000,64,31.97166667,,50.68571429
A100,R12000,dm,4,1000,12000,64,32.29833333,33.36,73.35416667
A100,R12000,dm,6,1000,12000,64,32.36833333,33.94,57.73611111
A100,R12000,lsqml,1,1000,12000,64,32.11833333,,39.3425
A100,R12000,lsqml,2,1000,12000,64,31.90333333,,44.97714286
A100,R12000,lsqml,4,1000,12000,64,32.56,,45.19785714
A100,R12000,lsqml,6,1000,12000,64,32.09166667,,49.502
A100,R12000,pie,1,1000,12000,64,31.93142857,33.43,34.85807571
A100,R12000,pie,2,1000,12000,64,32.70714286,39.54,34.81349762
A100,R12000,pie,4,1000,12000,64,31.90666667,,34.80113402
A100,R12000,pie,6,1000,12000,64,33.48,40.38,34.77936642
A100,R2000,ad_ptycho,1,1000,2000,64,32.94,56.17,
A100,R2000,ad_ptycho,2,1000,2000,64,32.765,51.6,
A100,R2000,ad_ptycho,4,1000,2000,64,32.50666667,36.64,47.97
A100,R2000,ad_ptycho,6,1000,2000,64,33.055,63.42,38.67
A100,R2000,bh,1,1000,2000,64,32.82333333,33.45,34.72
A100,R2000,bh,2,1000,2000,64,32.62666667,33.44,59.92
A100,R2000,bh,4,1000,2000,64,32.70333333,,35.91666667
A100,R2000,bh,6,1000,2000,64,32.1575,,63.1925
A100,R2000,dm,1,1000,2000,64,32.82333333,33.45,33.87
A100,R2000,dm,2,1000,2000,64,32.53333333,,51.83
A100,R2000,dm,4,1000,2000,64,32.9575,73.11,43.61
A100,R2000,dm,6,1000,2000,64,32.24,33.44,35.96
A100,R2000,lsqml,1,1000,2000,64,32.82333333,33.45,
A100,R2000,lsqml,2,1000,2000,64,32.43666667,33.36,37.4
A100,R2000,lsqml,4,1000,2000,64,32.2775,,43.54333333
A100,R2000,lsqml,6,1000,2000,64,32.5,33.45,46.50666667
A100,R2000,pie,1,1000,2000,64,32.81,33.35,34.52636364
A100,R2000,pie,2,1000,2000,64,33.1775,34.62,34.60301887
A100,R2000,pie,4,1000,2000,64,32.2325,38.92,34.64884615
A100,R2000,pie,6,1000,2000,64,32.37666667,37.98,34.62168224
A100,R4000,ad_ptycho,1,1000,4000,64,33.025,,42.94
A100,R4000,ad_ptycho,2,1000,4000,64,31.988,,35.72333333
A100,R4000,ad_ptycho,4,1000,4000,64,32.20333333,37.11,53.65
A100,R4000,ad_ptycho,6,1000,4000,64,34.296,,41.85833333
A100,R4000,bh,1,1000,4000,64,32.46666667,,36.205
A100,R4000,bh,2,1000,4000,64,32.61,,35.41
A100,R4000,bh,4,1000,4000,64,32.01,,40.072
A100,R4000,bh,6,1000,4000,64,32.682,,48.65571429
A100,R4000,dm,1,1000,4000,64,33.96,,34.22
A100,R4000,dm,2,1000,4000,64,32.52571429,,34.07
A100,R4000,dm,4,1000,4000,64,32.568,,40.132
A100,R4000,dm,6,1000,4000,64,31.99,,38.8
A100,R4000,lsqml,1,1000,4000,64,32.5075,,38.045
A100,R4000,lsqml,2,1000,4000,64,32.175,33.43,36.565
A100,R4000,lsqml,4,1000,4000,64,33.48428571,,48.64
A100,R4000,lsqml,6,1000,4000,64,32.198,,42.33857143
A100,R4000,pie,1,1000,4000,64,33.574,,34.578
A100,R4000,pie,2,1000,4000,64,32.3975,,34.60919283
A100,R4000,pie,4,1000,4000,64,32.25,,34.68239336
A100,R4000,pie,6,1000,4000,64,33.0575,,34.61614458
A100,R8000,ad_ptycho,1,1000,8000,64,33.52333333,,52.57
A100,R8000,ad_ptycho,2,1000,8000,64,31.97166667,,47.865
A100,R8000,ad_ptycho,4,1000,8000,64,32.12166667,,45.502
A100,R8000,ad_ptycho,6,1000,8000,64,32.432,,49.83538462
A100,R8000,bh,1,1000,8000,64,31.91571429,34.01,51.21333333
A100,R8000,bh,2,1000,8000,64,32.43571429,33.47,45.1575
A100,R8000,bh,4,1000,8000,64,31.925,34.01,51.55875
A100,R8000,bh,6,1000,8000,64,32.722,,50.17615385
A100,R8000,dm,1,1000,8000,64,33.475,,36.575
A100,R8000,dm,2,1000,8000,64,32.0,33.49,55.195
A100,R8000,dm,4,1000,8000,64,32.16,39.55,64.17857143
A100,R8000,dm,6,1000,8000,64,32.07333333,,67.70846154
A100,R8000,lsqml,1,1000,8000,64,34.04,,37.94
A100,R8000,lsqml,2,1000,8000,64,32.41714286,,41.268
A100,R8000,lsqml,4,1000,8000,64,32.69666667,,43.127
A100,R8000,lsqml,6,1000,8000,64,33.25285714,39.52,53.16083333
A100,R8000,pie,1,1000,8000,64,32.83333333,,34.77345972
A100,R8000,pie,2,1000,8000,64,32.02333333,,34.74400474
A100,R8000,pie,4,1000,8000,64,32.494,,34.72842167
A100,R8000,pie,6,1000,8000,64,32.85333333,,34.74661893
B200,R1000,ad_ptycho,1,1000,1000,64,153.54,176.07,187.4
B200,R1000,ad_ptycho,2,1000,1000,64,152.06,175.15,186.18
B200,R1000,ad_ptycho,4,1000,1000,64,150.8975,173.7,185.25
B200,R1000,ad_ptycho,6,1000,1000,64,151.845,173.8,185.29
B200,R1000,bh,1,1000,1000,64,152.365,175.95,186.84
B200,R1000,bh,2,1000,1000,64,152.1175,174.38,186.55
B200,R1000,bh,4,1000,1000,64,152.8875,176.11,187.97
B200,R1000,bh,6,1000,1000,64,151.36,174.02,184.94
B200,R1000,dm,1,1000,1000,64,152.8175,176.21,187.98
B200,R1000,dm,2,1000,1000,64,151.965,174.55,186.01
B200,R1000,dm,4,1000,1000,64,152.0175,174.57,185.97
B200,R1000,dm,6,1000,1000,64,152.41,174.81,186.08
B200,R1000,lsqml,1,1000,1000,64,152.92,175.65,
B200,R1000,lsqml,2,1000,1000,64,151.4175,173.39,184.21
B200,R1000,lsqml,4,1000,1000,64,152.825,175.24,186.71
B200,R1000,lsqml,6,1000,1000,64,152.7,175.82,193.295
B200,R1000,pie,1,1000,1000,64,150.6125,172.72,197.16409091
B200,R1000,pie,2,1000,1000,64,151.945,174.86,197.93880952
B200,R1000,pie,4,1000,1000,64,152.4725,175.7,198.42373494
B200,R1000,pie,6,1000,1000,64,152.02,174.84,198.73248
B200,R12000,ad_ptycho,1,1000,12000,64,153.49125,182.2,202.74666667
B200,R12000,ad_ptycho,2,1000,12000,64,151.22625,180.39,206.82
B200,R12000,ad_ptycho,4,1000,12000,64,149.2575,,212.04
B200,R12000,ad_ptycho,6,1000,12000,64,154.195,,220.84333333
B200,R12000,bh,1,1000,12000,64,149.7375,180.19,202.25333333
B200,R12000,bh,2,1000,12000,64,151.3975,180.69,205.9025
B200,R12000,bh,4,1000,12000,64,153.935,,214.125
B200,R12000,bh,6,1000,12000,64,153.32125,182.25,224.22454545
B200,R12000,dm,1,1000,12000,64,151.35375,180.53,201.34
B200,R12000,dm,2,1000,12000,64,152.5275,182.15,206.455
B200,R12000,dm,4,1000,12000,64,152.0175,,211.76777778
B200,R12000,dm,6,1000,12000,64,153.14375,181.69,219.87916667
B200,R12000,lsqml,1,1000,12000,64,153.0375,181.92,199.1
B200,R12000,lsqml,2,1000,12000,64,154.6625,,199.684
B200,R12000,lsqml,4,1000,12000,64,151.54,182.1,211.6475
B200,R12000,lsqml,6,1000,12000,64,151.74125,,215.735
B200,R12000,pie,1,1000,12000,64,149.845,180.63,200.11674797
B200,R12000,pie,2,1000,12000,64,149.7575,,200.18622093
B200,R12000,pie,4,1000,12000,64,151.51625,180.36,200.34632673
B200,R12000,pie,6,1000,12000,64,150.02625,,200.44061168
B200,R2000,ad_ptycho,1,1000,2000,64,156.06,,185.53
B200,R2000,ad_ptycho,2,1000,2000,64,156.572,,190.72
B200,R2000,ad_ptycho,4,1000,2000,64,152.0025,174.8,191.685
B200,R2000,ad_ptycho,6,1000,2000,64,152.105,174.47,193.07
B200,R2000,bh,1,1000,2000,64,155.968,,184.58
B200,R2000,bh,2,1000,2000,64,154.622,,190.13
B200,R2000,bh,4,1000,2000,64,153.095,175.52,194.01
B200,R2000,bh,6,1000,2000,64,155.126,,195.64
B200,R2000,dm,1,1000,2000,64,155.63,,184.37
B200,R2000,dm,2,1000,2000,64,152.125,175.29,185.89
B200,R2000,dm,4,1000,2000,64,155.4,,191.795
B200,R2000,dm,6,1000,2000,64,150.66,172.57,196.04333333
B200,R2000,lsqml,1,1000,2000,64,156.238,184.18,
B200,R2000,lsqml,2,1000,2000,64,151.7675,174.65,191.41
B200,R2000,lsqml,4,1000,2000,64,155.146,,194.35333333
B200,R2000,lsqml,6,1000,2000,64,155.824,,194.63333333
B200,R2000,pie,1,1000,2000,64,154.93,,198.51116279
B200,R2000,pie,2,1000,2000,64,152.0775,175.02,198.92465909
B200,R2000,pie,4,1000,2000,64,155.37,,199.2450289
B200,R2000,pie,6,1000,2000,64,151.62,174.13,199.55434783
B200,R4000,ad_ptycho,1,1000,4000,64,154.728,180.43,190.87
B200,R4000,ad_ptycho,2,1000,4000,64,153.494,179.3,196.055
B200,R4000,ad_ptycho,4,1000,4000,64,153.758,179.86,200.08666667
B200,R4000,ad_ptycho,6,1000,4000,64,153.444,179.84,204.7225
B200,R4000,bh,1,1000,4000,64,153.884,181.02,192.89
B200,R4000,bh,2,1000,4000,64,153.772,179.57,196.515
B200,R4000,bh,4,1000,4000,64,152.272,177.88,199.02333333
B200,R4000,bh,6,1000,4000,64,153.634,178.3,205.065
B200,R4000,dm,1,1000,4000,64,154.98,181.52,192.24
B200,R4000,dm,2,1000,4000,64,153.864,178.88,196.05
B200,R4000,dm,4,1000,4000,64,152.38714286,181.31,201.86
B200,R4000,dm,6,1000,4000,64,153.71,180.01,204.3625
B200,R4000,lsqml,1,1000,4000,64,154.046,179.9,191.09
B200,R4000,lsqml,2,1000,4000,64,153.276,179.2,195.56
B200,R4000,lsqml,4,1000,4000,64,153.668,179.44,199.34666667
B200,R4000,lsqml,6,1000,4000,64,154.344,182.39,204.04
B200,R4000,pie,1,1000,4000,64,153.334,179.18,199.24627907
B200,R4000,pie,2,1000,4000,64,153.362,179.77,199.40035714
B200,R4000,pie,4,1000,4000,64,154.632,180.18,199.63643275
B200,R4000,pie,6,1000,4000,64,153.906,179.18,199.80998051
B200,R8000,ad_ptycho,1,1000,8000,64,151.73,176.04,193.105
B200,R8000,ad_ptycho,2,1000,8000,64,152.01285714,,198.9475
B200,R8000,ad_ptycho,4,1000,8000,64,153.91142857,,208.94666667
B200,R8000,ad_ptycho,6,1000,8000,64,155.88857143,,213.3075
B200,R8000,bh,1,1000,8000,64,152.30833333,177.63,193.085
B200,R8000,bh,2,1000,8000,64,152.68714286,,198.505
B200,R8000,bh,4,1000,8000,64,151.55142857,,205.57833333
B200,R8000,bh,6,1000,8000,64,153.27142857,,211.07125
B200,R8000,dm,1,1000,8000,64,154.11428571,,191.105
B200,R8000,dm,2,1000,8000,64,151.84,,199.425
B200,R8000,dm,4,1000,8000,64,154.24142857,,207.60166667
B200,R8000,dm,6,1000,8000,64,153.87428571,,212.335
B200,R8000,lsqml,1,1000,8000,64,153.09857143,,190.385
B200,R8000,lsqml,2,1000,8000,64,153.57428571,,198.6125
B200,R8000,lsqml,4,1000,8000,64,152.09,,203.49
B200,R8000,lsqml,6,1000,8000,64,152.47,,210.78666667
B200,R8000,pie,1,1000,8000,64,154.56285714,,199.47811765
B200,R8000,pie,2,1000,8000,64,155.12857143,,199.82060423
B200,R8000,pie,4,1000,8000,64,151.93,,199.9810137
B200,R8000,pie,6,1000,8000,64,153.50285714,,200.37352825
H100,R1000,ad_ptycho,1,1000,1000,64,87.03,,118.40333333
H100,R1000,ad_ptycho,2,1000,1000,64,87.04833333,118.11,120.36
H100,R1000,ad_ptycho,4,1000,1000,64,91.08428571,,121.26
H100,R1000,ad_ptycho,6,1000,1000,64,84.44,109.56,119.47
H100,R1000,bh,1,1000,1000,64,84.9,117.99,118.81333333
H100,R1000,bh,2,1000,1000,64,93.62857143,,
H100,R1000,bh,4,1000,1000,64,91.12428571,,122.71
H100,R1000,bh,6,1000,1000,64,83.04166667,108.96,119.815
H100,R1000,dm,1,1000,1000,64,82.656,107.66,118.56
H100,R1000,dm,2,1000,1000,64,90.31375,,
H100,R1000,dm,4,1000,1000,64,90.99428571,,
H100,R1000,dm,6,1000,1000,64,87.07,117.02,124.46
H100,R1000,lsqml,1,1000,1000,64,86.73666667,,116.3
H100,R1000,lsqml,2,1000,1000,64,89.15166667,117.22,119.585
H100,R1000,lsqml,4,1000,1000,64,83.10666667,108.8,119.66333333
H100,R1000,lsqml,6,1000,1000,64,91.38285714,,119.945
H100,R1000,pie,1,1000,1000,64,101.24928571,117.05666667,118.268
H100,R1000,pie,2,1000,1000,64,94.86375,,119.45677419
H100,R1000,pie,4,1000,1000,64,86.67,116.81,119.56761905
H100,R1000,pie,6,1000,1000,64,84.748,109.04,119.71
H100,R12000,ad_ptycho,1,1000,12000,64,80.97,118.06,126.2
H100,R12000,ad_ptycho,2,1000,12000,64,83.888125,,137.32
H100,R12000,ad_ptycho,4,1000,12000,64,81.80875,122.39,146.84166667
H100,R12000,ad_ptycho,6,1000,12000,64,78.46357143,119.6,147.60818182
H100,R12000,bh,1,1000,12000,64,82.10636364,117.99,124.495
H100,R12000,bh,2,1000,12000,64,84.22727273,122.38,132.01
H100,R12000,bh,4,1000,12000,64,78.08846154,107.66,137.07142857
H100,R12000,bh,6,1000,12000,64,77.761875,118.12,153.531
H100,R12000,dm,1,1000,12000,64,80.04181818,118.47,126.00666667
H100,R12000,dm,2,1000,12000,64,80.49666667,108.75,128.75833333
H100,R12000,dm,4,1000,12000,64,83.115,118.21,138.52555556
H100,R12000,dm,6,1000,12000,64,81.42785714,122.5,143.14181818
H100,R12000,lsqml,1,1000,12000,64,83.21642857,,122.865
H100,R12000,lsqml,2,1000,12000,64,78.09285714,108.91,123.952
H100,R12000,lsqml,4,1000,12000,64,78.016,118.66,132.20625
H100,R12000,lsqml,6,1000,12000,64,75.92,108.62,138.88
H100,R12000,pie,1,1000,12000,64,75.895,106.52,119.86025381
H100,R12000,pie,2,1000,12000,64,82.25307692,122.26,120.22818898
H100,R12000,pie,4,1000,12000,64,79.23384615,118.35,120.34618922
H100,R12000,pie,6,1000,12000,64,83.54555556,117.21,120.40406385
H100,R2000,ad_ptycho,1,1000,2000,64,90.91428571,,119.47
H100,R2000,ad_ptycho,2,1000,2000,64,86.8,,117.74
H100,R2000,ad_ptycho,4,1000,2000,64,90.89,,122.115
H100,R2000,ad_ptycho,6,1000,2000,64,82.34,107.83,120.51666667
H100,R2000,bh,1,1000,2000,64,89.13375,,119.11
H100,R2000,bh,2,1000,2000,64,90.62857143,,119.43
H100,R2000,bh,4,1000,2000,64,91.01428571,,122.21
H100,R2000,bh,6,1000,2000,64,91.06285714,,121.725
H100,R2000,dm,1,1000,2000,64,82.602,108.04,118.745
H100,R2000,dm,2,1000,2000,64,91.18,,120.52
H100,R2000,dm,4,1000,2000,64,90.92142857,,123.03
H100,R2000,dm,6,1000,2000,64,84.45285714,,120.71666667
H100,R2000,lsqml,1,1000,2000,64,86.555,,118.07
H100,R2000,lsqml,2,1000,2000,64,90.61428571,,119.8
H100,R2000,lsqml,4,1000,2000,64,84.396,109.23,118.98666667
H100,R2000,lsqml,6,1000,2000,64,82.442,106.94,120.575
H100,R2000,pie,1,1000,2000,64,85.90714286,,119.56088235
H100,R2000,pie,2,1000,2000,64,86.435,,119.71285714
H100,R2000,pie,4,1000,2000,64,90.78,,119.8568
H100,R2000,pie,6,1000,2000,64,91.48,,119.90160622
H100,R4000,ad_ptycho,1,1000,4000,64,89.03666667,,121.94
H100,R4000,ad_ptycho,2,1000,4000,64,82.81375,117.61,122.025
H100,R4000,ad_ptycho,4,1000,4000,64,88.46875,,124.05666667
H100,R4000,ad_ptycho,6,1000,4000,64,80.84833333,107.18,124.58
H100,R4000,bh,1,1000,4000,64,83.05166667,108.86,118.8
H100,R4000,bh,2,1000,4000,64,80.60166667,107.02,120.87
H100,R4000,bh,4,1000,4000,64,88.47375,119.78,129.765
H100,R4000,bh,6,1000,4000,64,91.09125,,130.3175
H100,R4000,dm,1,1000,4000,64,86.38,,118.355
H100,R4000,dm,2,1000,4000,64,81.065,108.93,120.20333333
H100,R4000,dm,4,1000,4000,64,84.18909091,,124.5
H100,R4000,dm,6,1000,4000,64,88.465,,129.67
H100,R4000,lsqml,1,1000,4000,64,82.28,109.24,119.455
H100,R4000,lsqml,2,1000,4000,64,83.1075,,119.86
H100,R4000,lsqml,4,1000,4000,64,92.386,,122.795
H100,R4000,lsqml,6,1000,4000,64,85.01888889,117.36,126.725
H100,R4000,pie,1,1000,4000,64,84.38285714,116.87,119.78772727
H100,R4000,pie,2,1000,4000,64,81.84444444,117.91,119.89710938
H100,R4000,pie,4,1000,4000,64,89.06,,120.07503968
H100,R4000,pie,6,1000,4000,64,80.88,107.75,120.06231169
H100,R8000,ad_ptycho,1,1000,8000,64,80.02636364,120.28,125.115
H100,R8000,ad_ptycho,2,1000,8000,64,80.13363636,119.25,127.83
H100,R8000,ad_ptycho,4,1000,8000,64,77.465,108.53,129.595
H100,R8000,ad_ptycho,6,1000,8000,64,79.95090909,,137.56125
H100,R8000,bh,1,1000,8000,64,82.16909091,119.09,121.42
H100,R8000,bh,2,1000,8000,64,78.35444444,109.15,126.16
H100,R8000,bh,4,1000,8000,64,79.27909091,107.42,133.39166667
H100,R8000,bh,6,1000,8000,64,84.38909091,,142.16714286
H100,R8000,dm,1,1000,8000,64,79.47666667,118.67,126.165
H100,R8000,dm,2,1000,8000,64,79.58,119.58,126.20333333
H100,R8000,dm,4,1000,8000,64,80.833,117.54,136.80833333
H100,R8000,dm,6,1000,8000,64,78.74625,107.83,138.95555556
H100,R8000,lsqml,1,1000,8000,64,79.813,109.6,121.65
H100,R8000,lsqml,2,1000,8000,64,82.85625,,123.1775
H100,R8000,lsqml,4,1000,8000,64,77.561,108.7,126.48666667
H100,R8000,lsqml,6,1000,8000,64,79.28625,109.38,134.7925
H100,R8000,pie,1,1000,8000,64,77.476,108.14,120.15730159
H100,R8000,pie,2,1000,8000,64,77.508,108.43,120.2016996
H100,R8000,pie,4,1000,8000,64,79.29181818,108.42,120.20357834
H100,R8000,pie,6,1000,8000,64,79.5725,118.81,120.3028961
H200,R1000,ad_ptycho,1,1000,1000,64,87.67333333,,105.92
H200,R1000,ad_ptycho,2,1000,1000,64,84.01,94.57,105.27
H200,R1000,ad_ptycho,4,1000,1000,64,84.545,94.95,105.65
H200,R1000,ad_ptycho,6,1000,1000,64,88.08333333,,113.17
H200,R1000,bh,1,1000,1000,64,84.22,94.77,105.84
H200,R1000,bh,2,1000,1000,64,84.18,94.44,105.5
H200,R1000,bh,4,1000,1000,64,84.32,94.78,105.21
H200,R1000,bh,6,1000,1000,64,88.15666667,,112.195
H200,R1000,dm,1,1000,1000,64,84.18,94.33,105.43
H200,R1000,dm,2,1000,1000,64,88.03,,106.92
H200,R1000,dm,4,1000,1000,64,87.72333333,,106.53
H200,R1000,dm,6,1000,1000,64,84.22,95.15,114.325
H200,R1000,lsqml,1,1000,1000,64,83.865,94.73,105.71
H200,R1000,lsqml,2,1000,1000,64,87.64,,105.72
H200,R1000,lsqml,4,1000,1000,64,88.29333333,,106.48
H200,R1000,lsqml,6,1000,1000,64,84.44,95.76,112.55
H200,R1000,pie,1,1000,1000,64,83.585,94.54,133.55259259
H200,R1000,pie,2,1000,1000,64,83.73,94.44,134.9024
H200,R1000,pie,4,1000,1000,64,83.845,94.01,135.75417476
H200,R1000,pie,6,1000,1000,64,83.55,93.68,136.23810127
H200,R12000,ad_ptycho,1,1000,12000,64,86.164,,125.1325
H200,R12000,ad_ptycho,2,1000,12000,64,85.726,,135.87
H200,R12000,ad_ptycho,4,1000,12000,64,86.024,,149.67545455
H200,R12000,ad_ptycho,6,1000,12000,64,85.784,,154.64214286
H200,R12000,bh,1,1000,12000,64,85.784,,123.53
H200,R12000,bh,2,1000,12000,64,85.774,,135.22166667
H200,R12000,bh,4,1000,12000,64,86.23,,149.78909091
H200,R12000,bh,6,1000,12000,64,86.844,,155.81133333
H200,R12000,dm,1,1000,12000,64,86.114,,124.715
H200,R12000,dm,2,1000,12000,64,85.958,,137.56
H200,R12000,dm,4,1000,12000,64,85.852,,146.80363636
H200,R12000,dm,6,1000,12000,64,86.218,,153.459375
H200,R12000,lsqml,1,1000,12000,64,85.846,,116.25
H200,R12000,lsqml,2,1000,12000,64,85.892,,131.435
H200,R12000,lsqml,4,1000,12000,64,85.822,,143.83727273
H200,R12000,lsqml,6,1000,12000,64,85.85,,149.96125
H200,R12000,pie,1,1000,12000,64,85.862,,137.71851485
H200,R12000,pie,2,1000,12000,64,85.738,,137.93941915
H200,R12000,pie,4,1000,12000,64,85.922,,137.97587645
H200,R12000,pie,6,1000,12000,64,85.798,,137.88823263
H200,R2000,ad_ptycho,1,1000,2000,64,87.0,,103.43
H200,R2000,ad_ptycho,2,1000,2000,64,87.46666667,,110.97
H200,R2000,ad_ptycho,4,1000,2000,64,86.92333333,,110.535
H200,R2000,ad_ptycho,6,1000,2000,64,87.47,,118.7
H200,R2000,bh,1,1000,2000,64,87.19,,103.2
H200,R2000,bh,2,1000,2000,64,87.21,,110.1
H200,R2000,bh,4,1000,2000,64,87.39,,110.535
H200,R2000,bh,6,1000,2000,64,87.84,,120.05666667
H200,R2000,dm,1,1000,2000,64,87.32666667,,103.81
H200,R2000,dm,2,1000,2000,64,87.30333333,,110.155
H200,R2000,dm,4,1000,2000,64,87.43,,111.47
H200,R2000,dm,6,1000,2000,64,86.67666667,,117.38333333
H200,R2000,lsqml,1,1000,2000,64,87.05666667,,103.34
H200,R2000,lsqml,2,1000,2000,64,87.06,,109.275
H200,R2000,lsqml,4,1000,2000,64,87.05,,116.56666667
H200,R2000,lsqml,6,1000,2000,64,86.97666667,,123.96
H200,R2000,pie,1,1000,2000,64,86.51,,135.57777778
H200,R2000,pie,2,1000,2000,64,86.95666667,,136.4593578
H200,R2000,pie,4,1000,2000,64,86.94333333,,136.9842654
H200,R2000,pie,6,1000,2000,64,87.53666667,,137.25252336
H200,R4000,ad_ptycho,1,1000,4000,64,85.72,98.78,110.35
H200,R4000,ad_ptycho,2,1000,4000,64,85.70666667,98.82,117.585
H200,R4000,ad_ptycho,4,1000,4000,64,85.59666667,99.07,125.32
H200,R4000,ad_ptycho,6,1000,4000,64,85.67333333,98.89,138.148
H200,R4000,bh,1,1000,4000,64,86.04333333,,106.015
H200,R4000,bh,2,1000,4000,64,84.93,98.99,117.67
H200,R4000,bh,4,1000,4000,64,85.69333333,,121.5525
H200,R4000,bh,6,1000,4000,64,85.82333333,100.1,139.696
H200,R4000,dm,1,1000,4000,64,85.3,98.62,110.29
H200,R4000,dm,2,1000,4000,64,85.57666667,99.62,119.47
H200,R4000,dm,4,1000,4000,64,85.6,97.86,124.18
H200,R4000,dm,6,1000,4000,64,85.71,99.43,139.12
H200,R4000,lsqml,1,1000,4000,64,85.49,98.61,110.66
H200,R4000,lsqml,2,1000,4000,64,85.64333333,,111.26666667
H200,R4000,lsqml,4,1000,4000,64,85.86666667,99.47,130.885
H200,R4000,lsqml,6,1000,4000,64,85.44333333,98.88,135.696
H200,R4000,pie,1,1000,4000,64,85.64,,136.73504762
H200,R4000,pie,2,1000,4000,64,85.83666667,99.22,137.35556075
H200,R4000,pie,4,1000,4000,64,85.64666667,,137.6003423
H200,R4000,pie,6,1000,4000,64,85.45333333,98.95,137.68821534
H200,R8000,ad_ptycho,1,1000,8000,64,85.8775,,114.33666667
H200,R8000,ad_ptycho,2,1000,8000,64,86.5925,,129.826
H200,R8000,ad_ptycho,4,1000,8000,64,85.6875,,140.58125
H200,R8000,ad_ptycho,6,1000,8000,64,85.8525,,149.58181818
H200,R8000,bh,1,1000,8000,64,86.0925,,114.55666667
H200,R8000,bh,2,1000,8000,64,85.975,,128.626
H200,R8000,bh,4,1000,8000,64,86.095,,140.11714286
H200,R8000,bh,6,1000,8000,64,85.9125,,149.138
H200,R8000,dm,1,1000,8000,64,85.9025,,114.24666667
H200,R8000,dm,2,1000,8000,64,85.8475,,121.3225
H200,R8000,dm,4,1000,8000,64,85.9625,,140.65625
H200,R8000,dm,6,1000,8000,64,86.135,,147.37090909
H200,R8000,lsqml,1,1000,8000,64,85.8825,,113.42333333
H200,R8000,lsqml,2,1000,8000,64,85.565,,119.3575
H200,R8000,lsqml,4,1000,8000,64,85.7875,,137.2425
H200,R8000,lsqml,6,1000,8000,64,85.94,,144.01545455
H200,R8000,pie,1,1000,8000,64,85.815,,137.31778261
H200,R8000,pie,2,1000,8000,64,85.44,,137.70343529
H200,R8000,pie,4,1000,8000,64,85.37,,137.95578885
H200,R8000,pie,6,1000,8000,64,85.8525,,137.84955487
MI300A,R1000,ad_ptycho,1,1000,1000,64,88.88888889,146.0,131.25
MI300A,R1000,ad_ptycho,2,1000,1000,64,90.7,,97.25
MI300A,R1000,ad_ptycho,4,1000,1000,64,95.05555556,135.0,97.70588235
MI300A,R1000,ad_ptycho,6,1000,1000,64,93.89473684,162.0,97.75
MI300A,R1000,bh,1,1000,1000,64,95.33333333,143.0,94.22580645
MI300A,R1000,bh,2,1000,1000,64,97.35,,89.87096774
MI300A,R1000,bh,4,1000,1000,64,95.61111111,129.0,94.15625
MI300A,R1000,bh,6,1000,1000,64,91.94444444,132.0,92.34375
MI300A,R1000,dm,1,1000,1000,64,89.61111111,129.0,97.0
MI300A,R1000,dm,2,1000,1000,64,100.5,,97.5
MI300A,R1000,dm,4,1000,1000,64,92.0,134.0,98.70588235
MI300A,R1000,dm,6,1000,1000,64,93.33333333,140.0,94.47058824
MI300A,R1000,lsqml,1,1000,1000,64,104.22222222,150.0,90.875
MI300A,R1000,lsqml,2,1000,1000,64,99.83333333,145.0,99.52941176
MI300A,R1000,lsqml,4,1000,1000,64,97.11111111,139.0,100.17647059
MI300A,R1000,lsqml,6,1000,1000,64,96.55555556,132.0,101.05555556
MI300A,R1000,pie,1,1000,1000,64,94.05,,138.54545455
MI300A,R1000,pie,2,1000,1000,64,92.0,137.0,156.13461538
MI300A,R1000,pie,4,1000,1000,64,87.61111111,139.0,164.70212766
MI300A,R1000,pie,6,1000,1000,64,96.33333333,141.0,168.84090909
MI300A,R12000,ad_ptycho,1,1000,12000,64,103.23809524,152.0,105.22222222
MI300A,R12000,ad_ptycho,2,1000,12000,64,101.0,156.0,122.61904762
MI300A,R12000,ad_ptycho,4,1000,12000,64,99.30434783,177.0,135.0
MI300A,R12000,ad_ptycho,6,1000,12000,64,98.91304348,,143.48275862
MI300A,R12000,bh,1,1000,12000,64,107.28571429,159.0,102.02941176
MI300A,R12000,bh,2,1000,12000,64,97.56521739,193.0,108.97058824
MI300A,R12000,bh,4,1000,12000,64,98.76190476,153.0,115.425
MI300A,R12000,bh,6,1000,12000,64,106.36363636,191.0,131.34090909
MI300A,R12000,dm,1,1000,12000,64,96.0,167.0,99.95
MI300A,R12000,dm,2,1000,12000,64,102.81818182,191.0,111.33333333
MI300A,R12000,dm,4,1000,12000,64,107.66666667,155.0,124.31034483
MI300A,R12000,dm,6,1000,12000,64,97.76190476,149.0,134.64705882
MI300A,R12000,lsqml,1,1000,12000,64,103.57142857,153.0,107.88888889
MI300A,R12000,lsqml,2,1000,12000,64,116.18181818,197.0,114.52631579
MI300A,R12000,lsqml,4,1000,12000,64,108.09090909,198.0,133.64
MI300A,R12000,lsqml,6,1000,12000,64,90.31818182,149.0,149.48387097
MI300A,R12000,pie,1,1000,12000,64,105.57142857,152.0,175.71861472
MI300A,R12000,pie,2,1000,12000,64,99.81818182,187.0,178.00677201
MI300A,R12000,pie,4,1000,12000,64,95.17391304,182.0,179.09745763
MI300A,R12000,pie,6,1000,12000,64,103.14285714,153.0,180.03065134
MI300A,R2000,ad_ptycho,1,1000,2000,64,97.15,,93.5625
MI300A,R2000,ad_ptycho,2,1000,2000,64,95.68421053,,97.82352941
MI300A,R2000,ad_ptycho,4,1000,2000,64,103.4,,102.17647059
MI300A,R2000,ad_ptycho,6,1000,2000,64,106.85,,107.61111111
MI300A,R2000,bh,1,1000,2000,64,100.15,,94.32258065
MI300A,R2000,bh,2,1000,2000,64,92.10526316,141.0,93.53125
MI300A,R2000,bh,4,1000,2000,64,96.89473684,,102.84848485
MI300A,R2000,bh,6,1000,2000,64,97.84210526,,103.0
MI300A,R2000,dm,1,1000,2000,64,97.89473684,,100.23529412
MI300A,R2000,dm,2,1000,2000,64,91.21052632,,95.47058824
MI300A,R2000,dm,4,1000,2000,64,95.78947368,,103.61111111
MI300A,R2000,dm,6,1000,2000,64,97.89473684,,113.2
MI300A,R2000,lsqml,1,1000,2000,64,92.05263158,,90.0
MI300A,R2000,lsqml,2,1000,2000,64,121.25,,99.52941176
MI300A,R2000,lsqml,4,1000,2000,64,102.10526316,,108.77777778
MI300A,R2000,lsqml,6,1000,2000,64,103.0,,106.66666667
MI300A,R2000,pie,1,1000,2000,64,96.05,172.0,157.40677966
MI300A,R2000,pie,2,1000,2000,64,95.75,,164.51612903
MI300A,R2000,pie,4,1000,2000,64,95.84210526,,170.98136646
MI300A,R2000,pie,6,1000,2000,64,91.15789474,,174.04291845
MI300A,R4000,ad_ptycho,1,1000,4000,64,100.38095238,,108.0625
MI300A,R4000,ad_ptycho,2,1000,4000,64,103.81818182,,103.70588235
MI300A,R4000,ad_ptycho,4,1000,4000,64,99.35,181.0,111.66666667
MI300A,R4000,ad_ptycho,6,1000,4000,64,96.75,178.0,112.05263158
MI300A,R4000,bh,1,1000,4000,64,93.26315789,,93.8125
MI300A,R4000,bh,2,1000,4000,64,96.15789474,160.0,118.15625
MI300A,R4000,bh,4,1000,4000,64,90.94736842,154.0,96.84848485
MI300A,R4000,bh,6,1000,4000,64,97.21052632,154.0,104.91428571
MI300A,R4000,dm,1,1000,4000,64,98.68421053,153.0,107.94117647
MI300A,R4000,dm,2,1000,4000,64,99.15789474,154.0,105.52631579
MI300A,R4000,dm,4,1000,4000,64,91.15,140.0,113.52380952
MI300A,R4000,dm,6,1000,4000,64,93.63157895,151.0,119.13636364
MI300A,R4000,lsqml,1,1000,4000,64,99.57894737,153.0,96.125
MI300A,R4000,lsqml,2,1000,4000,64,97.36842105,151.0,108.05555556
MI300A,R4000,lsqml,4,1000,4000,64,100.5,188.0,107.66666667
MI300A,R4000,lsqml,6,1000,4000,64,95.36842105,,121.23809524
MI300A,R4000,pie,1,1000,4000,64,95.21052632,152.0,164.5106383
MI300A,R4000,pie,2,1000,4000,64,101.0,110.0,171.38823529
MI300A,R4000,pie,4,1000,4000,64,98.0952381,177.0,175.8006135
MI300A,R4000,pie,6,1000,4000,64,107.25,146.0,177.14541387
MI300A,R8000,ad_ptycho,1,1000,8000,64,101.6,153.0,110.05555556
MI300A,R8000,ad_ptycho,2,1000,8000,64,97.15,144.0,111.78947368
MI300A,R8000,ad_ptycho,4,1000,8000,64,104.23809524,,124.23809524
MI300A,R8000,ad_ptycho,6,1000,8000,64,100.9047619,193.0,140.73913043
MI300A,R8000,bh,1,1000,8000,64,94.2,153.0,99.90625
MI300A,R8000,bh,2,1000,8000,64,98.75,152.0,103.97058824
MI300A,R8000,bh,4,1000,8000,64,96.55,,113.54054054
MI300A,R8000,bh,6,1000,8000,64,97.9,155.0,122.10526316
MI300A,R8000,dm,1,1000,8000,64,98.33333333,154.0,105.5
MI300A,R8000,dm,2,1000,8000,64,93.22727273,191.0,101.45
MI300A,R8000,dm,4,1000,8000,64,107.95,154.0,121.86956522
MI300A,R8000,dm,6,1000,8000,64,94.95,,127.28571429
MI300A,R8000,lsqml,1,1000,8000,64,88.1,,111.88888889
MI300A,R8000,lsqml,2,1000,8000,64,97.8,153.0,114.73684211
MI300A,R8000,lsqml,4,1000,8000,64,99.0,155.0,124.13636364
MI300A,R8000,lsqml,6,1000,8000,64,99.23809524,,137.96153846
MI300A,R8000,pie,1,1000,8000,64,100.3,153.0,172.67836257
MI300A,R8000,pie,2,1000,8000,64,96.65,147.0,176.18421053
MI300A,R8000,pie,4,1000,8000,64,98.33333333,149.0,178.48148148
MI300A,R8000,pie,6,1000,8000,64,96.5,151.0,178.97275823
MI300X,R1000,ad_ptycho,1,1000,1000,64,132.64705882,168.0,135.4
MI300X,R1000,ad_ptycho,2,1000,1000,64,132.82352941,161.0,134.93333333
MI300X,R1000,ad_ptycho,4,1000,1000,64,132.58823529,171.0,138.375
MI300X,R1000,ad_ptycho,6,1000,1000,64,134.21052632,,138.0625
MI300X,R1000,bh,1,1000,1000,64,132.82352941,160.0,134.4
MI300X,R1000,bh,2,1000,1000,64,132.76470588,168.0,133.86666667
MI300X,R1000,bh,4,1000,1000,64,132.94117647,170.0,132.86666667
MI300X,R1000,bh,6,1000,1000,64,132.5,,135.03225806
MI300X,R1000,dm,1,1000,1000,64,135.33333333,,136.26666667
MI300X,R1000,dm,2,1000,1000,64,135.55555556,,138.375
MI300X,R1000,dm,4,1000,1000,64,134.0,,138.25
MI300X,R1000,dm,6,1000,1000,64,133.41176471,168.0,137.875
MI300X,R1000,lsqml,1,1000,1000,64,132.64705882,173.0,135.0
MI300X,R1000,lsqml,2,1000,1000,64,135.16666667,,136.9375
MI300X,R1000,lsqml,4,1000,1000,64,134.05882353,170.0,138.9375
MI300X,R1000,lsqml,6,1000,1000,64,132.64705882,172.0,138.5
MI300X,R1000,pie,1,1000,1000,64,132.76470588,153.0,182.62162162
MI300X,R1000,pie,2,1000,1000,64,133.05882353,172.0,194.91525424
MI300X,R1000,pie,4,1000,1000,64,133.17647059,165.0,204.74757282
MI300X,R1000,pie,6,1000,1000,64,134.05555556,,208.96598639
MI300X,R12000,ad_ptycho,1,1000,12000,64,132.6,,150.94444444
MI300X,R12000,ad_ptycho,2,1000,12000,64,135.5,,164.45
MI300X,R12000,ad_ptycho,4,1000,12000,64,133.1,,181.875
MI300X,R12000,ad_ptycho,6,1000,12000,64,132.65,,191.25925926
MI300X,R12000,bh,1,1000,12000,64,133.7,,143.94117647
MI300X,R12000,bh,2,1000,12000,64,135.4,,150.58823529
MI300X,R12000,bh,4,1000,12000,64,133.2,,160.02631579
MI300X,R12000,bh,6,1000,12000,64,133.55,,170.0
MI300X,R12000,dm,1,1000,12000,64,134.25,,157.63157895
MI300X,R12000,dm,2,1000,12000,64,136.0,,170.61904762
MI300X,R12000,dm,4,1000,12000,64,134.75,,184.08
MI300X,R12000,dm,6,1000,12000,64,134.9,,191.62068966
MI300X,R12000,lsqml,1,1000,12000,64,133.2,,149.27777778
MI300X,R12000,lsqml,2,1000,12000,64,133.6,182.0,156.73684211
MI300X,R12000,lsqml,4,1000,12000,64,134.35,,179.0
MI300X,R12000,lsqml,6,1000,12000,64,133.55,,194.48275862
MI300X,R12000,pie,1,1000,12000,64,134.2,,217.32246377
MI300X,R12000,pie,2,1000,12000,64,134.45,,221.70949721
MI300X,R12000,pie,4,1000,12000,64,134.75,,224.1556829
MI300X,R12000,pie,6,1000,12000,64,134.45,,225.31662269
MI300X,R2000,ad_ptycho,1,1000,2000,64,133.72222222,,139.6875
MI300X,R2000,ad_ptycho,2,1000,2000,64,133.72222222,,137.1875
MI300X,R2000,ad_ptycho,4,1000,2000,64,134.94444444,,144.35294118
MI300X,R2000,ad_ptycho,6,1000,2000,64,133.11111111,,144.70588235
MI300X,R2000,bh,1,1000,2000,64,134.55555556,,134.06666667
MI300X,R2000,bh,2,1000,2000,64,135.27777778,,135.6875
MI300X,R2000,bh,4,1000,2000,64,135.88888889,,138.59375
MI300X,R2000,bh,6,1000,2000,64,133.55555556,,139.34375
MI300X,R2000,dm,1,1000,2000,64,137.22222222,,138.9375
MI300X,R2000,dm,2,1000,2000,64,133.94444444,,137.9375
MI300X,R2000,dm,4,1000,2000,64,135.27777778,,149.23529412
MI300X,R2000,dm,6,1000,2000,64,136.05555556,,152.22222222
MI300X,R2000,lsqml,1,1000,2000,64,135.16666667,,140.0
MI300X,R2000,lsqml,2,1000,2000,64,134.66666667,,139.4375
MI300X,R2000,lsqml,4,1000,2000,64,135.38888889,,144.88235294
MI300X,R2000,lsqml,6,1000,2000,64,133.61111111,,152.88888889
MI300X,R2000,pie,1,1000,2000,64,133.61111111,,195.50847458
MI300X,R2000,pie,2,1000,2000,64,134.77777778,,205.44660194
MI300X,R2000,pie,4,1000,2000,64,133.83333333,175.0,211.41081081
MI300X,R2000,pie,6,1000,2000,64,135.94444444,,214.21167883
MI300X,R4000,ad_ptycho,1,1000,4000,64,132.94444444,,141.0
MI300X,R4000,ad_ptycho,2,1000,4000,64,133.16666667,206.0,139.0
MI300X,R4000,ad_ptycho,4,1000,4000,64,133.72222222,,149.22222222
MI300X,R4000,ad_ptycho,6,1000,4000,64,132.88888889,,155.31578947
MI300X,R4000,bh,1,1000,4000,64,133.55555556,,133.90322581
MI300X,R4000,bh,2,1000,4000,64,132.5,,139.125
MI300X,R4000,bh,4,1000,4000,64,133.05555556,,143.21212121
MI300X,R4000,bh,6,1000,4000,64,132.27777778,179.0,144.06060606
MI300X,R4000,dm,1,1000,4000,64,134.11111111,,140.4375
MI300X,R4000,dm,2,1000,4000,64,135.66666667,,146.16666667
MI300X,R4000,dm,4,1000,4000,64,134.72222222,,151.78947368
MI300X,R4000,dm,6,1000,4000,64,134.88888889,200.0,159.73684211
MI300X,R4000,lsqml,1,1000,4000,64,132.83333333,176.0,135.46666667
MI300X,R4000,lsqml,2,1000,4000,64,135.55555556,,141.76470588
MI300X,R4000,lsqml,4,1000,4000,64,133.5,,150.0
MI300X,R4000,lsqml,6,1000,4000,64,132.38888889,,157.95
MI300X,R4000,pie,1,1000,4000,64,132.88888889,,204.68316832
MI300X,R4000,pie,2,1000,4000,64,134.05555556,,211.23243243
MI300X,R4000,pie,4,1000,4000,64,134.66666667,206.0,215.60734463
MI300X,R4000,pie,6,1000,4000,64,135.0,,217.2238806
MI300X,R8000,ad_ptycho,1,1000,8000,64,133.26315789,,142.17647059
MI300X,R8000,ad_ptycho,2,1000,8000,64,133.57894737,,149.33333333
MI300X,R8000,ad_ptycho,4,1000,8000,64,132.36842105,,168.85714286
MI300X,R8000,ad_ptycho,6,1000,8000,64,133.63157895,,176.69565217
MI300X,R8000,bh,1,1000,8000,64,133.05263158,,139.96875
MI300X,R8000,bh,2,1000,8000,64,133.63157895,,143.78787879
MI300X,R8000,bh,4,1000,8000,64,133.78947368,,152.08571429
MI300X,R8000,bh,6,1000,8000,64,132.36842105,179.0,158.45945946
MI300X,R8000,dm,1,1000,8000,64,133.47368421,,153.27777778
MI300X,R8000,dm,2,1000,8000,64,135.05263158,,154.89473684
MI300X,R8000,dm,4,1000,8000,64,132.47368421,,177.0
MI300X,R8000,dm,6,1000,8000,64,134.84210526,,175.20833333
MI300X,R8000,lsqml,1,1000,8000,64,133.89473684,,144.88235294
MI300X,R8000,lsqml,2,1000,8000,64,133.89473684,,155.26315789
MI300X,R8000,lsqml,4,1000,8000,64,133.31578947,,167.14285714
MI300X,R8000,lsqml,6,1000,8000,64,132.31578947,174.0,178.17391304
MI300X,R8000,pie,1,1000,8000,64,133.84210526,,212.61578947
MI300X,R8000,pie,2,1000,8000,64,134.42105263,,218.79624665
MI300X,R8000,pie,4,1000,8000,64,134.0,,221.16384181
MI300X,R8000,pie,6,1000,8000,64,135.84210526,,222.18768328
